project,date,num_commits
1-million-trees,2019-12-12,1
1-million-trees,2020-01-08,2
1-million-trees,2020-01-09,1
1-million-trees,2020-01-15,2
1-million-trees,2020-01-16,11
1-million-trees,2020-01-17,4
1-million-trees,2020-01-20,2
1-million-trees,2020-01-22,2
1-million-trees,2020-02-10,5
8-bit-computer,2023-02-04,3
8-bit-computer,2023-02-05,1
8-bit-computer,2023-02-08,4
8-bit-computer,2023-02-10,5
aboutme,2010-10-25,1
alhambra,2011-11-25,1
alhambra,2019-11-26,1
apportionment,2012-07-16,1
apportionment,2012-12-09,2
apportionment,2025-06-01,1
ardubat,2024-12-21,1
array-api-tests,2022-02-24,1
array-api-tests-dask,2022-02-24,1
array-api-tests-op-art,2022-02-24,1
array-tracker,2023-02-23,1
articles,2011-11-25,1
atomiclisp,2011-11-25,1
barry,2022-05-05,6
barry,2022-05-06,3
barry,2022-05-07,4
barry,2022-05-08,2
barry,2022-05-09,2
barry,2022-05-10,5
barry,2022-05-11,3
barry,2022-05-12,4
barry,2022-05-13,3
barry,2022-05-15,2
barry,2022-05-16,2
barry,2022-05-18,5
barry,2022-05-19,14
barry,2022-05-20,8
barry,2022-05-21,4
barry,2022-05-22,1
barry,2022-05-23,1
barry,2022-05-25,2
barry,2022-05-26,6
barry,2022-05-27,6
barry,2022-05-28,2
barry,2022-05-29,14
barry,2022-05-30,24
barry,2022-05-31,11
barry,2022-06-06,11
barry,2022-06-07,22
barry,2022-06-08,20
barry,2022-06-09,11
barry,2022-06-10,13
barry,2022-06-11,16
barry,2022-06-12,1
barry,2022-06-13,9
barry,2022-06-14,2
barry,2022-06-15,5
barry,2022-06-17,4
barry,2022-06-18,13
barry,2022-06-19,5
barry,2022-06-21,1
barry,2022-06-22,3
barry,2022-06-23,9
barry,2022-06-24,5
barry,2022-06-25,1
barry,2022-06-26,5
barry,2022-06-27,19
barry,2022-06-28,8
barry,2022-06-29,5
barry,2022-06-30,5
barry,2022-07-03,2
barry,2022-07-04,8
barry,2022-07-05,5
barry,2022-07-07,8
barry,2022-07-08,3
barry,2022-07-10,1
barry,2022-07-11,16
barry,2022-07-12,8
barry,2022-07-13,8
barry,2022-07-14,16
barry,2022-07-15,9
barry,2022-07-16,4
barry,2022-07-17,5
barry,2022-07-18,4
barry,2022-07-22,1
barry,2022-08-02,7
barry,2022-08-03,15
barry,2022-08-04,4
barry,2022-08-05,3
barry,2022-08-06,8
barry,2022-08-07,1
barry,2022-08-08,2
barry,2022-08-12,10
barry,2022-08-13,15
barry,2022-08-14,11
barry,2022-08-15,6
barry,2022-08-16,10
barry,2022-08-17,8
barry,2022-08-18,2
barry,2022-08-21,6
barry,2022-08-22,22
barry,2022-08-23,12
barry,2022-08-24,7
barry,2022-08-25,4
barry,2022-08-28,4
barry,2022-08-29,2
barry,2022-08-31,3
barry,2022-09-01,4
barry,2022-09-02,4
barry,2022-09-03,19
barry,2022-09-04,11
barry,2022-09-05,30
barry,2022-09-06,8
barry,2022-09-07,3
barry,2022-09-09,3
barry,2022-09-10,6
barry,2022-09-11,3
barry,2022-09-12,10
barry,2022-09-13,8
barry,2022-09-14,2
barry,2022-09-15,1
barry,2022-09-22,3
barry,2022-09-23,2
barry,2022-09-24,1
barry,2022-09-25,4
barry,2022-09-26,1
barry,2022-09-27,4
barry,2022-09-29,2
barry,2022-09-30,6
barry,2022-10-03,5
barry,2022-10-04,6
barry,2022-10-05,1
barry,2022-10-07,2
barry,2022-10-16,3
barry,2022-10-17,2
barry,2022-10-19,2
barry,2022-10-20,2
barry,2022-10-21,2
barry,2022-10-31,5
barry,2022-11-03,2
barry,2022-11-24,1
barry,2022-12-11,1
barry-original,2022-02-11,5
barry-original,2022-02-12,20
barry-original,2022-02-13,10
barry-original,2022-02-16,1
barry-original,2022-02-17,7
barry-original,2022-02-20,5
barry-original,2022-02-23,2
barry-original,2022-03-27,4
barry-original,2022-03-29,4
barry-original,2022-04-01,1
barry-original,2022-04-22,6
barry-original,2022-04-23,23
barry-original,2022-04-24,6
barry-original,2022-04-25,9
barry-original,2022-04-26,3
barry-original,2022-04-27,10
barry-original,2022-04-28,12
barry-original,2022-04-29,14
barry-original,2022-04-30,8
barry-original,2022-05-01,11
barry-original,2022-05-02,11
barry-original,2022-05-03,9
barry-original,2022-05-04,2
benford,2011-11-25,1
berllan-electricity,2022-09-17,5
berllan-electricity,2022-09-18,3
berllan-electricity,2024-06-16,1
berllan-network,2021-04-16,1
berllan-network,2021-12-11,1
berllan-network,2022-11-19,2
berllan-network,2024-06-16,2
binarypi,2011-11-25,1
birdcage,2021-03-13,2
birdcage,2021-03-14,8
birdcage,2021-03-27,1
birdcage,2021-03-28,11
birdcage,2021-04-04,2
birdcage,2021-05-16,3
birdcage,2023-02-25,3
birdcage,2023-02-26,7
birdcage,2023-03-02,3
birdcage,2023-03-03,2
birdcage,2023-03-05,1
birthday-roots,2015-10-25,1
blockclock,2010-10-24,1
blockclock,2019-11-16,1
blockclock-matrix,2024-04-07,7
blockclock-matrix,2024-04-13,1
blockclock-matrix,2024-04-20,1
blockclock-matrix,2024-04-21,4
blockclock-matrix,2024-05-04,3
bolus-calc,2019-06-23,1
chernoff,2011-11-25,1
chernoff,2019-11-26,1
chinesechequers,2019-01-04,2
core,2011-11-25,1
covid-19,2020-03-15,1
covid-19,2020-03-16,3
covid-19,2020-03-25,1
covid-19-uk-data,2020-03-13,2
covid-19-uk-data,2020-03-14,4
covid-19-uk-data,2020-03-15,6
covid-19-uk-data,2020-03-16,9
covid-19-uk-data,2020-03-17,8
covid-19-uk-data,2020-03-18,9
covid-19-uk-data,2020-03-19,9
covid-19-uk-data,2020-03-20,13
covid-19-uk-data,2020-03-21,7
covid-19-uk-data,2020-03-22,9
covid-19-uk-data,2020-03-23,13
covid-19-uk-data,2020-03-24,14
covid-19-uk-data,2020-03-25,11
covid-19-uk-data,2020-03-26,11
covid-19-uk-data,2020-03-27,14
covid-19-uk-data,2020-03-28,18
covid-19-uk-data,2020-03-29,11
covid-19-uk-data,2020-03-30,16
covid-19-uk-data,2020-03-31,13
covid-19-uk-data,2020-04-01,14
covid-19-uk-data,2020-04-02,9
covid-19-uk-data,2020-04-03,8
covid-19-uk-data,2020-04-04,10
covid-19-uk-data,2020-04-05,12
covid-19-uk-data,2020-04-06,7
covid-19-uk-data,2020-04-07,11
covid-19-uk-data,2020-04-08,10
covid-19-uk-data,2020-04-09,13
covid-19-uk-data,2020-04-10,7
covid-19-uk-data,2020-04-11,7
covid-19-uk-data,2020-04-12,8
covid-19-uk-data,2020-04-13,8
covid-19-uk-data,2020-04-14,8
covid-19-uk-data,2020-04-15,8
covid-19-uk-data,2020-04-16,8
covid-19-uk-data,2020-04-17,11
covid-19-uk-data,2020-04-18,5
covid-19-uk-data,2020-04-19,5
covid-19-uk-data,2020-04-20,4
covid-19-uk-data,2020-04-21,5
covid-19-uk-data,2020-04-22,7
covid-19-uk-data,2020-04-23,7
covid-19-uk-data,2020-04-24,9
covid-19-uk-data,2020-04-25,5
covid-19-uk-data,2020-04-26,7
covid-19-uk-data,2020-04-27,10
covid-19-uk-data,2020-04-28,6
covid-19-uk-data,2020-04-29,4
covid-19-uk-data,2020-04-30,11
covid-19-uk-data,2020-05-01,9
covid-19-uk-data,2020-05-02,10
covid-19-uk-data,2020-05-03,16
covid-19-uk-data,2020-05-04,9
covid-19-uk-data,2020-05-05,5
covid-19-uk-data,2020-05-06,6
covid-19-uk-data,2020-05-07,6
covid-19-uk-data,2020-05-08,7
covid-19-uk-data,2020-05-09,17
covid-19-uk-data,2020-05-10,7
covid-19-uk-data,2020-05-11,3
covid-19-uk-data,2020-05-12,11
covid-19-uk-data,2020-05-13,5
covid-19-uk-data,2020-05-14,3
covid-19-uk-data,2020-05-15,5
covid-19-uk-data,2020-05-16,3
covid-19-uk-data,2020-05-17,2
covid-19-uk-data,2020-05-18,2
covid-19-uk-data,2020-05-19,3
covid-19-uk-data,2020-05-20,2
covid-19-uk-data,2020-05-21,2
covid-19-uk-data,2020-05-22,3
covid-19-uk-data,2020-05-23,2
covid-19-uk-data,2020-05-24,2
covid-19-uk-data,2020-05-25,2
covid-19-uk-data,2020-05-26,2
covid-19-uk-data,2020-05-27,2
covid-19-uk-data,2020-05-28,3
covid-19-uk-data,2020-05-30,9
covid-19-uk-data,2020-05-31,1
covid-19-uk-data,2020-06-01,1
covid-19-uk-data,2020-06-02,1
covid-19-uk-data,2020-06-03,1
covid-19-uk-data,2020-06-04,2
covid-19-uk-data,2020-06-05,1
covid-19-uk-data,2020-06-06,4
covid-19-uk-data,2020-06-07,1
covid-19-uk-data,2020-06-08,1
covid-19-uk-data,2020-06-09,1
covid-19-uk-data,2020-06-10,1
covid-19-uk-data,2020-06-11,1
covid-19-uk-data,2020-06-12,1
covid-19-uk-data,2020-06-13,1
covid-19-uk-data,2020-06-14,1
covid-19-uk-data,2020-06-15,1
covid-19-uk-data,2020-06-16,1
covid-19-uk-data,2020-06-17,2
covid-19-uk-data,2020-06-18,1
covid-19-uk-data,2020-06-19,1
covid-19-uk-data,2020-06-21,1
covid-19-uk-data,2020-06-23,1
covid-19-uk-data,2020-06-24,1
covid-19-uk-data,2020-06-25,1
covid-19-uk-data,2020-06-26,1
covid-19-uk-data,2020-06-27,1
covid-19-uk-data,2020-06-28,1
covid-19-uk-data,2020-06-29,1
covid-19-uk-data,2020-06-30,2
covid-19-uk-data,2020-07-01,4
covid-19-uk-data,2020-07-02,3
covid-19-uk-data,2020-07-03,3
covid-19-uk-data,2020-07-25,8
covid-19-uk-data,2020-08-01,1
covid-19-uk-data,2020-12-16,1
crick-parking,2019-06-08,6
crick-parking,2019-06-09,8
crick-parking,2019-06-14,3
crick-parking,2019-07-12,4
crick-parking,2019-07-14,3
crick-parking,2020-05-04,1
crick-parking,2023-09-28,2
crick-parking,2023-10-08,3
crick-parking,2023-10-09,4
crick1881,2018-02-04,3
crick1881,2018-04-28,1
cubesum,2015-10-25,6
cubesum,2019-11-14,1
d3troit,2012-07-07,1
d3troit,2012-12-03,5
d3troit,2019-11-16,2
d3troit,2025-06-01,1
dask,2020-11-28,3
dask,2020-11-29,1
dask,2020-11-30,1
dask,2020-12-01,1
dask,2021-03-08,1
dask,2021-03-09,5
dask,2021-05-23,1
dask,2021-05-24,2
dask,2021-05-25,1
dask,2021-05-26,4
dask,2022-02-04,11
dask,2022-02-05,7
dask,2022-02-07,4
dask,2022-02-08,4
dask,2022-02-10,4
dask,2022-02-11,5
dask,2022-02-23,2
dask,2022-02-24,2
dask,2022-04-10,2
dask,2022-04-12,2
dask,2022-04-13,4
dask,2022-04-14,1
dask,2022-04-19,2
dask,2022-04-20,1
dask,2022-04-21,1
dask,2022-04-28,1
dask-cloud-gpu,2020-05-15,1
dask-executor-scheduler,2020-05-06,1
dask-executor-scheduler,2020-05-07,7
dask-executor-scheduler,2020-05-08,6
dask-executor-scheduler,2020-05-13,3
dask-executor-scheduler,2020-05-14,7
dask-executor-scheduler,2020-06-24,1
dask-executor-scheduler,2020-06-25,1
dask-executor-scheduler,2020-07-12,1
dask-executor-scheduler,2020-08-07,3
datashader,2020-02-11,2
datashader-leaflet,2020-01-28,2
datashader-leaflet,2020-01-29,4
datashader-leaflet,2020-01-30,2
datashader-leaflet,2020-01-31,2
datashader-leaflet,2020-02-04,9
datashader-leaflet,2020-02-05,15
datashader-leaflet,2020-02-06,3
datashader-leaflet,2020-02-07,13
datashader-leaflet,2020-02-11,4
datashader-leaflet,2020-02-12,6
datashader-leaflet,2020-02-13,7
datashader-leaflet,2020-02-14,6
datashader-leaflet,2020-02-16,1
datashader-leaflet,2020-02-17,1
datavision,2019-12-31,6
datavision,2020-01-01,1
datavision,2020-01-08,1
datavision,2020-01-13,1
datavision,2020-01-18,1
datavision,2020-01-20,3
datavision,2020-01-22,2
datavision,2020-01-26,1
datavision,2020-01-28,1
datavision,2020-02-02,1
datavision,2020-02-04,1
datavision,2020-02-12,1
datavision,2020-02-16,1
datavision,2020-02-26,2
datavision,2020-03-04,1
datavision,2020-03-08,1
datavision,2020-03-10,1
datavision,2020-03-16,1
datavision,2020-03-25,1
datavision,2020-04-01,1
datavision,2020-04-08,1
datavision,2020-04-15,1
datavision,2020-04-21,1
datavision,2020-04-29,2
datavision,2020-05-01,1
datavision,2020-05-04,1
datavision,2020-05-05,1
datavision,2020-05-13,2
datavision,2020-05-20,1
datavision,2020-05-27,1
datavision,2020-06-03,1
datavision,2020-06-10,1
datavision,2020-06-17,2
datavision,2020-06-24,1
datavision,2020-07-01,1
datavision,2020-07-08,2
datavision,2020-07-15,1
datavision,2020-07-22,2
datavision,2020-08-05,1
datavision,2020-08-12,1
datavision,2020-08-19,1
datavision,2020-08-26,1
datavision,2020-09-02,2
datavision,2020-09-09,1
datavision,2020-09-16,1
datavision,2020-09-23,1
datavision,2020-09-30,2
datavision,2020-10-07,1
datavision,2020-10-14,2
datavision,2020-10-21,1
datavision,2020-10-23,1
datavision,2020-10-28,1
datavision,2020-11-04,1
datavision,2020-11-11,1
datavision,2020-11-18,3
datavision,2020-11-25,4
datavision,2020-12-23,1
datavision,2020-12-27,2
datavision,2023-01-26,1
datavision-code,2020-01-09,6
datavision-code,2020-01-10,1
datavision-code,2020-01-13,3
datavision-code,2020-01-14,1
datavision-code,2020-01-20,5
datavision-code,2020-01-22,1
datavision-code,2020-01-25,4
datavision-code,2020-01-26,1
datavision-code,2020-01-28,1
datavision-code,2020-02-01,1
datavision-code,2020-02-02,1
datavision-code,2020-02-04,1
datavision-code,2020-02-11,5
datavision-code,2020-02-12,1
datavision-code,2020-02-13,4
datavision-code,2020-02-16,1
datavision-code,2020-02-22,1
datavision-code,2020-02-23,13
datavision-code,2020-03-02,13
datavision-code,2020-03-03,9
datavision-code,2020-03-04,2
datavision-code,2020-03-16,1
datavision-code,2020-03-25,1
datavision-code,2020-03-26,5
datavision-code,2020-04-08,1
datavision-code,2020-04-15,2
datavision-code,2020-04-16,3
datavision-code,2020-04-20,1
datavision-code,2020-04-21,1
datavision-code,2020-04-25,3
datavision-code,2020-04-26,1
datavision-code,2020-04-27,1
datavision-code,2020-04-28,5
datavision-code,2020-05-02,9
datavision-code,2020-05-04,1
datavision-code,2020-05-05,5
datavision-code,2020-05-13,1
datavision-code,2020-05-20,3
datavision-code,2020-05-22,1
datavision-code,2020-05-27,1
datavision-code,2020-06-10,1
datavision-code,2020-06-14,1
datavision-code,2020-06-17,1
datavision-code,2020-06-19,1
datavision-code,2020-06-21,1
datavision-code,2020-07-01,1
datavision-code,2020-07-08,1
datavision-code,2020-07-15,1
datavision-code,2020-07-22,2
datavision-code,2020-08-05,1
datavision-code,2020-08-12,1
datavision-code,2020-08-15,1
datavision-code,2020-08-21,2
datavision-code,2020-08-26,1
datavision-code,2020-09-02,1
datavision-code,2020-09-04,4
datavision-code,2020-09-05,3
datavision-code,2020-09-09,2
datavision-code,2020-09-16,1
datavision-code,2020-09-23,1
datavision-code,2020-09-30,6
datavision-code,2020-10-07,1
datavision-code,2020-10-14,1
datavision-code,2020-10-21,1
datavision-code,2020-10-23,1
datavision-code,2020-10-24,1
datavision-code,2020-10-25,1
datavision-code,2020-10-28,4
datavision-code,2020-10-30,1
datavision-code,2020-11-01,1
datavision-code,2020-11-04,2
datavision-code,2020-11-11,1
datavision-code,2020-11-15,1
datavision-code,2020-11-18,2
datavision-code,2020-11-25,3
datavision-code,2020-12-23,1
datavision-code,2020-12-27,1
david,2023-02-25,1
dboard,2018-09-17,3
dboard,2018-09-23,5
dboard,2018-11-17,2
dboard,2018-11-18,8
dboard,2019-01-12,1
dboard,2019-08-24,4
dboard,2019-08-25,1
dboard-js,2020-02-21,2
dboard-js,2020-02-24,2
diabetes-site-rotation,2019-11-02,1
diffdiff,2017-11-13,7
diffdiff,2017-11-14,6
diffdiff,2017-11-15,4
diffdiff,2017-11-19,3
diffdiff,2017-11-25,14
dusk,2013-12-26,1
dusk,2013-12-27,6
dusk,2013-12-29,5
dusk,2013-12-30,6
dusk,2013-12-31,3
dusk,2014-01-01,17
dusk,2014-01-03,5
dusk,2014-01-04,1
dusk,2014-01-05,5
dusk,2014-06-15,6
dusk,2015-11-21,2
dusk,2019-11-16,3
earth-moon-game,2013-03-13,5
earth-moon-game,2013-09-01,1
earth-moon-game,2013-09-02,1
earth-moon-game,2015-07-05,2
earth-moon-game,2019-11-16,1
edge-detection,2015-06-07,6
edge-detection,2015-12-30,6
edge-detection,2015-12-31,12
edge-detection,2016-01-02,3
egg-construction,2013-09-02,1
egg-construction,2013-09-08,1
egg-construction,2013-09-14,2
egg-construction,2014-03-28,2
egg-construction,2014-03-30,2
egg-construction,2014-05-10,2
egg-construction,2015-05-25,1
egg-construction,2015-05-27,1
egg-construction,2015-10-25,1
egg-construction,2019-11-16,2
egg-fitting,2015-05-30,1
egg-fitting,2016-01-02,1
enigma,2013-06-16,1
enigma,2013-06-17,1
enigma,2013-07-09,1
facebender,2011-11-25,1
facebender,2015-10-11,4
facebender,2016-08-09,2
facebender,2016-08-10,28
facebender,2016-08-11,26
facebender,2016-08-12,9
facebender,2019-11-24,6
facebender,2019-11-25,15
facebender,2019-11-26,2
facebender,2019-11-27,3
facebender,2025-06-01,1
false-summits,2025-04-18,3
false-summits,2025-04-19,1
false-summits,2025-04-20,3
false-summits,2025-04-27,2
false-summits,2025-05-14,3
false-summits,2025-05-15,8
false-summits,2025-05-29,5
false-summits,2025-05-30,4
ffawyddog.com,2022-01-15,4
ffawyddog.com,2022-01-29,4
freeloader,2017-08-20,2
freeloader,2018-02-11,2
freeloader,2018-06-03,1
freeloader,2019-01-05,6
futoshiki,2016-12-27,1
futoshiki,2016-12-28,1
futoshiki,2017-06-04,1
futoshiki,2020-04-29,7
futoshiki,2020-04-30,17
futoshiki-hints,2021-01-29,2
futoshiki-hints,2021-01-30,4
futoshiki-hints,2021-01-31,8
futoshiki-hints,2021-02-01,7
futoshiki-hints,2021-02-03,5
futoshiki-hints,2021-02-04,12
futoshiki-hints,2021-02-05,1
futoshiki-hints,2021-02-06,4
futoshiki-hints,2021-02-07,4
futoshiki-hints,2021-02-14,1
futoshiki-hints,2021-02-20,1
futoshiki-hints,2021-02-27,1
futoshiki-hints,2021-03-12,1
futoshiki-hints,2022-03-13,1
futoshiki-hints,2022-08-28,1
futoshiki-hints,2023-01-25,1
ga,2011-11-25,1
gaussian-primes,2009-12-28,2
gaussian-primes,2010-10-24,1
gaussian-primes,2011-11-25,1
gaussian-primes,2019-11-16,1
ge-2024,2024-07-07,4
guac,2016-10-23,6
guac,2016-10-25,3
guac,2016-10-30,1
gutted,2024-04-19,1
hadoopbook.com,2012-02-20,2
hadoopbook.com,2015-03-22,1
hadoopbook.com,2019-11-05,1
heightcharts,2017-06-25,1
heightcharts,2017-07-09,2
hla-prs-toolkit,2022-04-21,4
how-far-away-is-the-sea,2012-12-16,3
how-far-away-is-the-sea,2012-12-22,3
how-far-away-is-the-sea,2012-12-23,2
how-far-away-is-the-sea,2012-12-24,1
how-far-away-is-the-sea,2012-12-30,3
how-far-away-is-the-sea,2012-12-31,6
how-far-away-is-the-sea,2013-07-28,2
how-far-away-is-the-sea,2013-07-29,1
how-far-away-is-the-sea,2013-08-04,1
how-far-away-is-the-sea,2016-07-31,3
how-far-away-is-the-sea,2024-02-04,1
hyperbolic,2011-11-25,1
hyperbolic,2019-11-26,1
inaturalist-datashader-map,2020-02-26,4
inflector,2014-10-04,5
ingredient-phrase-tagger,2018-03-10,1
ingredient-phrase-tagger,2018-03-12,2
ingredient-phrase-tagger,2018-03-14,1
ingredient-phrase-tagger,2018-03-19,1
ingredient-phrase-tagger,2018-03-22,2
ingreedy-data,2020-04-10,1
ingreedy-data,2020-04-11,1
ingreedy-data,2020-04-14,1
ingreedy-data,2020-04-17,3
ingreedy-data,2020-04-22,1
ingreedy-data,2020-07-24,1
ingreedy-js,2019-03-03,1
ingreedy-js,2019-03-17,1
ingreedy-js,2019-03-24,4
ingreedy-js,2019-03-25,3
ingreedy-js,2019-03-30,9
ingreedy-js,2019-03-31,1
ingreedy-js,2019-04-06,3
ingreedy-js,2019-04-14,13
ingreedy-js,2019-04-17,4
ingreedy-js,2019-04-18,3
ingreedy-js,2019-04-21,8
ingreedy-js,2019-04-22,9
ingreedy-js,2019-04-28,7
ingreedy-js,2019-04-30,1
ingreedy-js,2019-05-05,1
ingreedy-js,2019-12-05,6
ingreedy-js,2019-12-07,7
ingreedy-js,2019-12-08,1
ingreedy-js,2019-12-09,5
ingreedy-js,2019-12-11,2
ingreedy-js,2019-12-13,6
ingreedy-js,2019-12-15,4
ingreedy-js,2019-12-16,1
ingreedy-js,2019-12-19,1
ingreedy-js,2020-01-23,1
ingreedy-js,2020-01-24,2
ingreedy-js,2020-04-09,1
ingreedy-js,2020-04-10,1
ingreedy-js,2020-04-11,12
ingreedy-js,2020-04-12,6
ingreedy-js,2020-04-13,15
ingreedy-js,2020-04-14,12
ingreedy-js,2020-04-15,1
ingreedy-js,2020-04-16,4
ingreedy-js,2020-04-17,2
ingreedy-js,2020-04-18,8
ingreedy-js,2020-04-19,3
ingreedy-js,2020-04-20,11
ingreedy-js,2020-04-21,1
ingreedy-js,2020-04-22,7
ingreedy-js,2020-07-24,1
ingreedy-model,2019-11-28,4
ingreedy-model,2019-11-29,2
ingreedy-model,2019-11-30,1
ingreedy-model,2019-12-01,2
ingreedy-model,2019-12-02,2
ingreedy-model,2019-12-03,3
ingreedy-model,2019-12-04,3
ingreedy-model,2019-12-16,2
ingreedy-model,2019-12-17,4
ingreedy-service,2018-03-26,2
ingreedy-service,2018-03-27,3
ingreedy-service,2018-03-28,1
ingreedy-service,2018-03-29,13
ingreedy-service,2018-03-30,4
ingreedy-service,2018-03-31,9
ingreedy-service,2018-04-01,4
ingreedy-service,2018-04-02,2
ingreedy-service,2018-04-03,3
ingreedy-service,2018-04-05,3
ingreedy-service,2018-04-07,3
ingreedy-service,2018-04-08,2
ingreedy-service,2018-04-22,8
ingreedy-service,2018-04-23,1
ingreedy-service,2018-04-24,4
ingreedy-service,2018-04-28,2
ingreedy-service,2018-04-29,2
ingreedy-service,2018-04-30,1
ingreedy-service,2018-05-01,2
ingreedy-service,2018-05-02,3
ingreedy-service,2018-05-04,4
ingreedy-service,2018-05-12,5
ingreedy-service,2018-05-13,4
ingreedy-service,2018-05-19,1
ingreedy-service,2019-01-25,1
ingreedy-test,2019-11-11,2
ingreedy-test,2019-11-12,1
ingreedy-v0,2018-03-08,2
ingreedy-v0,2018-03-09,4
ingreedy-v0,2018-03-10,7
ingreedy-v0,2018-03-11,9
ingreedy-v0,2018-03-12,8
ingreedy-v0,2018-03-13,8
ingreedy-v0,2018-03-14,5
ingreedy-v0,2018-03-16,8
ingreedy-v0,2018-03-17,8
ingreedy-v0,2018-03-18,11
ingreedy-v0,2018-03-19,1
ingreedy-v0,2018-03-22,7
ingreedy-v0,2018-03-23,2
ingreedy-v0,2018-03-24,9
ingreedy-v0,2018-03-25,7
ingreedy-v0,2018-03-27,2
ingreedy-v0,2018-03-30,4
ingreedy-v0,2018-03-31,3
ingreedy-v0,2018-04-01,7
ingreedy-v0,2018-04-02,9
ingreedy-v0,2018-04-04,1
ingreedy-v0,2018-04-05,2
ingreedy-v0,2018-04-08,4
ingreedy-v0,2018-04-15,5
ingreedy-v0,2018-04-16,4
ingreedy-v0,2018-04-22,2
ingreedy-v0,2018-04-23,1
ingreedy-v0,2018-04-24,1
ingreedy-v0,2018-04-25,1
ingreedy-v0,2018-04-26,1
ingreedy-v0,2018-04-28,8
ingreedy-v0,2018-04-29,1
ingreedy-v0,2018-04-30,5
ingreedy-v0,2018-05-01,1
ingreedy-v0,2018-08-29,1
ingreedy-visualization,2019-02-15,1
ingreedy-visualization,2019-02-16,17
ingreedy-visualization,2019-02-17,3
interlocking-cube,2015-12-20,10
interlocking-cube,2015-12-21,3
interlocking-cube,2015-12-22,4
interlocking-cube,2015-12-26,1
interlocking-cube,2015-12-27,7
inversions,2015-12-05,1
inversions,2015-12-06,1
inversions,2019-11-14,1
isitdayornight,2011-04-18,1
isitdayornight,2012-12-31,2
isitdayornight,2019-11-05,1
isitdayornight,2019-11-16,1
jamie-oliver-recipes,2019-02-04,1
knitting-squares,2025-05-26,1
l-game,2015-08-23,1
l-game,2015-08-29,9
l-game,2015-08-30,12
l-game,2015-08-31,13
l-game,2015-11-21,4
l-game,2015-11-22,5
l-game,2015-12-21,3
l-game,2015-12-22,1
l-systems,2010-11-26,1
l-systems,2011-11-25,1
l-systems,2019-11-19,1
leaning-chairs,2015-04-06,2
leaning-chairs,2015-04-11,2
leaning-chairs,2015-04-12,1
leaning-chairs,2019-11-16,1
leveltheplayingfield,2019-06-29,2
leveltheplayingfield,2019-09-02,2
leveltheplayingfield,2019-09-06,1
leveltheplayingfield,2019-09-07,6
leveltheplayingfield,2019-09-08,11
leveltheplayingfield,2019-09-10,2
leveltheplayingfield,2019-09-14,1
leveltheplayingfield,2019-09-15,8
leveltheplayingfield,2019-09-20,10
leveltheplayingfield,2019-09-22,1
leveltheplayingfield,2019-09-29,5
leveltheplayingfield,2019-10-05,8
leveltheplayingfield,2019-10-08,2
leveltheplayingfield,2019-10-12,11
leveltheplayingfield,2019-10-13,13
leveltheplayingfield,2019-10-15,3
leveltheplayingfield,2019-10-16,1
leveltheplayingfield,2019-10-17,1
leveltheplayingfield,2019-10-18,10
leveltheplayingfield,2019-10-25,4
leveltheplayingfield,2019-11-11,2
leveltheplayingfield,2019-11-15,3
leveltheplayingfield,2019-11-18,3
leveltheplayingfield,2019-11-22,2
leveltheplayingfield,2019-11-23,3
leveltheplayingfield,2019-11-25,3
leveltheplayingfield,2019-11-26,4
leveltheplayingfield,2019-11-27,1
leveltheplayingfield,2019-11-29,1
leveltheplayingfield,2019-11-30,2
leveltheplayingfield,2019-12-02,1
leveltheplayingfield,2019-12-03,1
leveltheplayingfield,2019-12-04,4
leveltheplayingfield,2019-12-16,2
leveltheplayingfield,2019-12-17,1
leveltheplayingfield,2019-12-19,1
leveltheplayingfield,2019-12-20,4
leveltheplayingfield,2020-01-09,1
leveltheplayingfield,2020-01-10,2
leveltheplayingfield,2020-01-11,1
leveltheplayingfield,2020-01-13,2
leveltheplayingfield,2020-01-17,1
leveltheplayingfield,2020-01-20,3
leveltheplayingfield,2020-01-22,2
leveltheplayingfield,2020-01-29,3
leveltheplayingfield,2020-01-30,1
leveltheplayingfield,2020-01-31,5
leveltheplayingfield,2020-02-04,1
leveltheplayingfield,2020-02-06,1
leveltheplayingfield,2020-02-10,3
leveltheplayingfield,2020-02-15,2
leveltheplayingfield,2020-02-17,3
leveltheplayingfield,2020-02-23,1
leveltheplayingfield,2020-02-25,1
leveltheplayingfield,2020-04-29,1
leveltheplayingfield,2021-01-29,7
leveltheplayingfield,2021-02-05,6
leveltheplayingfield,2021-02-11,4
leveltheplayingfield,2021-02-12,13
leveltheplayingfield,2021-02-13,3
leveltheplayingfield,2021-02-14,4
leveltheplayingfield,2021-02-20,2
leveltheplayingfield,2021-08-23,9
leveltheplayingfield,2021-08-28,3
leveltheplayingfield,2021-08-29,1
leveltheplayingfieldchs,2018-11-25,4
leveltheplayingfieldchs,2018-11-26,5
leveltheplayingfieldchs,2018-12-01,3
leveltheplayingfieldchs,2018-12-02,2
leveltheplayingfieldchs,2018-12-03,2
leveltheplayingfieldchs,2018-12-05,6
leveltheplayingfieldchs,2018-12-08,2
leveltheplayingfieldchs,2019-03-06,1
leveltheplayingfieldchs,2019-05-12,11
leveltheplayingfieldchs,2019-05-18,2
leveltheplayingfieldchs,2019-05-19,10
leveltheplayingfieldchs,2019-05-20,2
leveltheplayingfieldchs,2019-05-22,1
libre-nightscout-uploader,2019-11-01,1
llangattock-place-plan,2023-05-18,1
llangattock-place-plan,2023-07-14,1
llangattock-place-plan,2023-08-02,1
llangattock-place-plan,2023-08-10,2
llangattock-place-plan,2023-09-14,1
llangattock-place-plan,2024-03-08,2
longview,2010-10-24,3
longview,2011-11-25,1
longview,2019-11-16,1
mandelbrot-1989,2020-12-29,2
mappix,2018-10-28,10
mappix,2023-09-01,1
mastermind,2014-12-26,6
mastermind,2014-12-27,13
mastermind,2014-12-29,18
mastermind,2014-12-30,14
mastermind,2014-12-31,7
mastermind,2015-01-01,15
mastermind,2015-01-02,14
mastermind,2015-01-04,1
mastermind,2015-01-06,4
mastermind,2023-09-01,1
metoffice_ec2,2020-05-21,2
metoffice_ec2,2020-06-04,1
metoffice_ec2,2020-06-05,1
metoffice_ec2,2020-06-12,1
metoffice_ec2,2020-06-17,1
metoffice_ec2,2020-06-18,8
metoffice_ec2,2020-09-25,5
most-beautiful-formula,2018-06-03,3
most-beautiful-formula,2018-06-09,4
most-beautiful-formula,2018-06-10,8
most-beautiful-formula,2019-11-18,2
most-beautiful-formula,2019-11-19,2
most-beautiful-formula,2019-11-20,1
most-beautiful-formula,2019-11-23,1
nd3,2020-11-25,14
nd3,2020-11-26,13
nd3,2020-12-02,1
nd3,2020-12-03,7
nd3,2020-12-04,10
nd3,2020-12-20,12
nd3,2020-12-21,1
nd3,2020-12-23,5
nd3,2021-01-13,3
nd3,2021-01-14,3
nd3,2021-01-15,7
nd3,2021-01-16,1
nd3,2021-01-17,2
novice,2024-05-06,3
novice,2024-05-07,2
novice,2024-05-08,1
novice,2024-05-09,3
novice,2025-01-01,1
ns-api-uploader,2018-04-07,2
ns-api-uploader,2018-06-23,1
ns-api-uploader,2018-06-24,2
ns-api-uploader,2018-06-26,1
ns-api-uploader,2018-06-29,1
ns-api-uploader,2018-07-15,3
ns-api-uploader,2018-07-28,1
ns-api-uploader,2018-07-29,5
ns-api-uploader,2018-08-05,2
ns-api-uploader,2018-08-06,4
ns-api-uploader,2018-08-07,2
ns-api-uploader,2018-08-23,1
ns-api-uploader,2018-09-15,14
ns-api-uploader,2018-09-16,4
ns-api-uploader,2018-09-17,1
ns-api-uploader,2018-11-11,2
old-projects,2008-12-13,1
old-projects,2008-12-27,1
old-projects,2008-12-28,1
old-projects,2008-12-29,1
old-projects,2008-12-30,1
old-projects,2009-01-04,1
old-projects,2009-01-22,1
old-projects,2009-02-13,1
old-projects,2009-03-09,1
old-projects,2009-03-31,2
old-projects,2009-04-13,1
old-projects,2009-04-22,1
old-projects,2009-05-14,1
old-projects,2009-05-15,2
old-projects,2009-05-21,1
old-projects,2009-05-22,1
old-projects,2009-06-07,3
old-projects,2009-06-21,1
old-projects,2009-07-13,1
old-projects,2009-07-22,1
old-projects,2009-12-09,2
old-projects,2010-08-07,2
old-projects,2010-08-08,1
old-projects,2010-10-08,1
old-projects,2010-11-25,1
old-projects,2010-11-26,1
old-projects,2011-01-25,1
old-projects,2016-10-30,2
onair,2012-11-05,1
op-art,2021-04-22,3
op-art,2021-04-23,20
op-art,2021-04-24,4
op-art,2021-04-25,4
op-art,2021-04-26,4
op-art,2021-05-02,7
op-art,2021-05-03,23
op-art,2021-05-26,9
op-art,2021-05-27,4
op-art,2021-05-28,3
op-art,2021-05-29,10
op-art,2021-05-31,4
op-art,2021-06-01,8
op-art,2021-06-02,6
op-art,2021-06-03,13
op-art,2021-06-04,9
op-art,2021-06-05,9
op-art,2021-06-06,7
op-art,2021-06-07,5
op-art,2021-06-09,5
op-art,2021-06-10,3
op-art,2021-06-11,6
op-art,2021-06-12,9
op-art,2021-06-13,4
op-art,2021-06-16,1
op-art,2021-06-27,1
op-art,2021-06-30,3
op-art,2021-07-01,3
op-art,2021-07-02,16
op-art,2021-07-03,6
op-art,2021-07-04,2
op-art,2021-07-16,3
op-art,2021-07-18,4
op-art,2021-08-05,1
op-art,2021-08-06,2
op-art,2021-08-27,1
op-art,2022-01-21,10
op-art,2022-01-22,20
op-art,2022-01-23,12
op-art,2022-01-24,7
op-art,2022-01-25,3
op-art,2022-01-26,14
op-art,2022-01-27,23
op-art,2022-01-28,37
op-art,2022-01-29,4
op-art,2022-01-30,5
op-art,2022-02-01,1
op-art,2022-02-02,11
op-art,2022-02-03,1
op-art,2022-02-24,1
op-art,2022-04-08,3
op-art,2022-04-09,1
op-art,2023-02-23,1
op-art,2023-02-24,4
op-art-dask,2021-06-16,22
op-art-dask,2021-06-18,2
op-art-dask,2021-06-27,6
op-art-dask,2021-06-28,6
op-art-dask,2021-06-29,2
op-art-dask,2021-07-01,7
op-art-dask,2021-07-02,14
op-art-dask,2021-07-03,7
op-art-dask,2021-07-04,6
op-art-dask,2021-07-17,1
op-art-dask,2021-08-06,1
outguessing,2022-05-29,1
outguessing,2023-01-25,1
outguessing-java,2016-05-01,6
outguessing-java,2016-06-13,1
pangrams,2016-11-27,5
pangrams,2016-11-28,2
pangrams,2016-12-03,5
pangrams,2016-12-05,1
pangrams,2016-12-11,4
pangrams,2016-12-22,11
pangrams,2016-12-23,10
pangrams,2016-12-24,2
pangrams,2016-12-26,3
pangrams,2016-12-27,1
pangrams,2016-12-28,1
pangrams,2018-01-01,1
pangrams,2025-06-01,2
paper-folding,2018-01-25,5
paper-folding,2018-01-26,2
paper-folding,2018-01-29,4
paper-folding,2018-01-31,2
paper-folding,2018-02-01,7
paper-folding,2018-02-02,1
paper-folding,2025-06-08,3
paper-folding,2025-06-09,6
periodic-table,2023-01-26,1
plastic-numbers,2014-12-22,3
plastic-numbers,2014-12-23,1
plastic-numbers,2018-08-14,6
plastic-numbers,2018-08-15,1
plastic-numbers,2018-08-16,1
plastic-numbers,2018-08-18,4
polarize,2024-09-08,1
polarize,2024-09-14,3
polarize,2024-09-20,3
polarize,2024-09-22,15
polarize,2024-09-24,1
polarize,2024-12-20,1
polarize,2024-12-21,2
polarize,2024-12-23,3
polarize,2024-12-24,4
polarize,2024-12-26,1
polarize,2024-12-27,8
polarize,2024-12-28,1
polarize,2024-12-29,2
polarize,2024-12-31,1
polarize,2025-01-01,4
polarize,2025-01-02,8
polarize,2025-01-03,14
polarize,2025-01-04,12
polarize,2025-01-05,6
polarize,2025-01-11,4
polarize,2025-01-12,9
polarize,2025-01-13,1
polarize,2025-01-14,1
polarize,2025-01-15,2
polarize,2025-01-16,1
polarize,2025-01-17,1
polarize,2025-01-18,1
polarize,2025-01-19,4
polarize,2025-01-20,1
polarize,2025-01-21,1
polarize,2025-01-22,1
polarize,2025-01-23,1
polarize,2025-01-25,2
polarize,2025-01-26,6
polarize,2025-01-29,1
polarize,2025-01-31,1
polarize,2025-02-02,1
polarize,2025-02-04,1
polarize,2025-02-06,1
polarize,2025-02-08,1
polarize,2025-02-09,1
polarize,2025-02-12,1
polarize,2025-02-16,1
polarize,2025-02-21,2
polarize,2025-02-23,1
polarize,2025-02-25,1
polarize,2025-02-28,1
polarize,2025-03-01,4
polarize,2025-03-03,1
polarize,2025-03-04,1
polarize,2025-03-07,1
polarize,2025-03-08,1
polarize,2025-03-09,1
polarize,2025-03-12,1
polarize,2025-03-14,1
polarize,2025-03-16,4
polarize,2025-03-18,1
polarize,2025-03-21,2
polarize,2025-03-23,2
polarize,2025-03-28,1
polarize,2025-03-30,1
polarize,2025-03-31,1
polarize,2025-04-04,1
polarize,2025-04-10,4
polarize,2025-04-11,4
polarize,2025-04-12,1
polarize,2025-04-13,2
polarize,2025-04-14,2
polarize,2025-04-17,1
polarize,2025-04-25,2
polarize,2025-05-02,1
polarize,2025-05-08,1
polarize,2025-05-15,1
polarize,2025-05-23,1
polarize,2025-05-30,1
polarize,2025-06-06,1
polarize,2025-06-13,1
polarize,2025-06-20,1
polarize,2025-06-27,1
polarize,2025-07-04,1
polarize,2025-07-09,2
polarize,2025-07-10,4
polarize,2025-07-17,1
pong,2023-01-25,1
pong,2023-01-26,6
pong,2023-01-27,1
pong,2023-01-29,1
pong,2023-02-02,2
predict_pv_yield_nwp,2020-05-28,11
predict_pv_yield_nwp,2020-05-29,8
predict_pv_yield_nwp,2020-06-06,1
predict_pv_yield_nwp,2020-06-12,16
predict_pv_yield_nwp,2020-06-17,1
prisonersdilemma,2011-11-25,1
project-curation,2025-02-16,4
project-curation,2025-04-27,2
project-curation,2025-05-30,1
project-curation,2025-06-01,1
project-curation,2025-06-03,3
project-curation,2025-06-04,2
project-curation,2025-06-05,4
project-curation,2025-06-07,2
project-curation,2025-07-13,3
projecteuler,2013-02-13,2
projecteuler,2013-02-14,2
projecteuler,2013-02-18,1
projecteuler,2013-02-19,2
projecteuler,2013-02-23,2
pyodide-curses-mar-2022,2022-03-10,1
pyodide-curses-mar-2022,2022-03-11,6
pyodide-curses-mar-2022,2022-03-13,6
pyodide-curses-mar-2022,2022-03-19,4
pypaddle,2023-01-27,3
qs,2018-02-23,8
qs,2018-02-25,8
qs,2018-02-28,1
qs,2018-03-04,1
qs,2018-03-06,2
qs,2018-03-08,4
qs,2018-03-28,1
qs,2018-05-25,2
qs,2018-05-26,1
rechunker-cloud-cli,2020-07-02,1
rechunker-cloud-cli,2020-07-03,5
rechunker-cloud-cli,2020-07-09,2
rechunker-cloud-cli,2020-07-10,5
rechunker-cloud-cli,2020-07-16,6
rechunker-cloud-cli,2020-07-22,1
recursive-photos,2023-08-28,3
recursive-photos,2023-08-29,8
recursive-photos,2023-08-31,5
recursive-photos,2024-02-11,1
recursive-photos,2024-08-06,1
recursive-photos,2025-01-02,1
reflect,2023-03-06,1
reflect,2023-03-19,1
reflect,2023-03-21,3
reflect,2023-03-23,1
reflect,2023-03-29,1
reflect,2023-03-30,2
reflect,2023-03-31,4
reflect,2023-04-01,4
reflect,2023-04-02,3
reflect,2023-04-04,6
reflect,2023-04-05,3
reflect,2023-04-06,5
reflect,2023-04-07,1
reflect,2023-04-08,7
reflect,2023-04-09,2
reflect,2023-04-10,6
reflect,2023-04-11,1
reflect,2023-04-13,3
reflect,2023-04-14,9
reflect,2023-04-15,2
reflect,2023-04-16,2
reflect,2023-04-17,2
reflect,2023-04-18,2
reflect,2023-04-19,1
reflect,2023-04-20,1
reflect,2023-04-21,4
reflect,2023-04-22,1
reflect,2023-04-23,3
reflect,2023-04-25,2
reflect,2023-04-27,1
reflect,2023-04-28,2
reflect,2023-04-29,1
reflect,2023-04-30,1
reflect,2023-05-01,1
reflect,2023-05-02,1
reflect,2023-05-03,2
reflect,2023-05-04,2
reflect,2023-05-06,2
reflect,2023-05-07,3
reflect,2023-05-09,1
reflect,2023-05-11,1
reflect,2023-05-13,2
reflect,2023-05-14,1
reflect,2023-05-16,4
reflect,2023-05-18,1
reflect,2023-05-20,4
reflect,2023-05-23,1
reflect,2023-05-25,3
reflect,2023-05-26,5
reflect,2023-05-29,1
reflect,2023-05-30,2
reflect,2023-05-31,1
reflect,2023-06-03,2
reflect,2023-06-04,2
reflect,2023-06-08,1
reflect,2023-06-11,1
reflect,2023-06-15,1
reflect,2023-06-21,1
reflect,2023-06-25,1
reflect,2023-06-29,1
reflect,2023-07-02,1
reflect,2023-07-04,1
reflect,2023-07-06,1
reflect,2023-07-09,1
reflect,2023-07-12,1
reflect,2023-07-15,2
reflect,2023-07-16,3
reflect,2023-07-20,1
reflect,2023-07-22,1
reflect,2023-07-28,1
reflect,2023-07-30,1
reflect,2023-08-04,1
reflect,2023-08-08,1
reflect,2023-08-09,1
reflect,2023-08-12,1
reflect,2023-08-15,1
reflect,2023-08-18,2
reflect,2023-08-20,1
reflect,2023-08-21,1
reflect,2023-08-24,1
reflect,2023-08-26,1
reflect,2023-08-29,1
reflect,2023-08-30,1
reflect,2023-09-02,1
reflect,2023-09-05,1
reflect,2023-09-09,1
reflect,2023-09-14,1
reflect,2023-09-18,1
reflect,2023-09-21,1
reflect,2023-09-24,1
reflect,2023-09-26,1
reflect,2023-09-30,1
reflect,2023-10-03,1
reflect,2023-10-05,1
reflect,2023-10-08,1
reflect,2023-10-10,2
reflect,2023-10-11,9
reflect,2023-10-12,11
reflect,2023-10-13,2
reflect,2023-10-14,2
reflect,2023-10-15,2
reflect,2023-10-17,1
reflect,2023-10-18,2
reflect,2023-11-08,1
reflect,2023-11-09,1
reflect,2023-11-11,2
reflect,2023-11-13,2
reflect,2023-11-16,1
reflect,2023-11-20,1
reflect,2023-11-21,1
reflect,2023-11-22,1
reflect,2023-11-23,1
reflect,2023-11-26,1
reflect,2023-11-28,1
reflect,2023-12-03,2
reflect,2023-12-07,2
reflect,2023-12-09,1
reflect,2023-12-10,1
reflect,2023-12-14,1
reflect,2023-12-15,1
reflect,2023-12-16,1
reflect,2023-12-23,1
reflect,2023-12-24,1
reflect,2023-12-26,4
reflect,2023-12-27,1
reflect,2023-12-29,1
reflect,2023-12-30,4
reflect,2023-12-31,3
reflect,2024-01-02,1
reflect,2024-01-05,1
reflect,2024-01-09,2
reflect,2024-01-13,1
reflect,2024-01-17,1
reflect,2024-01-21,1
reflect,2024-01-24,1
reflect,2024-01-28,1
reflect,2024-01-30,1
reflect,2024-02-05,1
reflect,2024-02-11,1
reflect,2024-02-13,1
reflect,2024-02-16,1
reflect,2024-02-19,1
reflect,2024-02-25,1
reflect,2024-02-27,1
reflect,2024-03-03,1
reflect,2024-03-07,1
reflect,2024-03-11,1
reflect,2024-03-14,1
reflect,2024-03-18,1
reflect,2024-03-23,1
reflect,2024-03-26,1
reflect,2024-04-01,1
reflect,2024-04-06,1
reflect,2024-04-11,2
reflect,2024-04-14,1
reflect,2024-04-17,1
reflect,2024-04-24,1
reflect,2024-05-01,1
reflect,2024-05-06,1
reflect,2024-05-14,1
reflect,2024-05-21,1
reflect,2024-05-26,1
reflect,2024-06-03,1
reflect,2024-06-09,1
reflect,2024-06-16,1
reflect,2024-06-17,1
reflect,2024-06-21,2
reflect,2024-06-30,1
reflect,2024-07-07,1
reflect,2024-07-12,1
reflect,2024-07-20,1
reflect,2024-07-27,1
reflect,2024-08-03,1
reflect,2024-08-08,1
reflect,2024-08-15,2
reflect,2024-08-20,1
reflect,2024-08-29,1
reflect,2024-09-04,1
reflect,2024-09-12,1
reflect,2024-09-19,1
reflect,2024-09-24,1
reflect,2024-10-03,1
reflect,2024-10-09,1
reflect,2024-10-13,1
reflect,2024-10-29,1
reflect,2024-11-05,1
reflect,2024-11-11,1
reflect,2024-11-18,1
reflect,2024-11-28,1
reflect,2024-12-05,1
reflect,2024-12-06,1
reflect,2024-12-19,1
reflect,2024-12-22,2
reflect,2024-12-23,1
reflect,2024-12-29,1
reflect,2025-01-03,1
reflect,2025-01-10,1
reflect,2025-01-17,1
reflect,2025-01-24,1
reflect,2025-01-26,1
reflect,2025-01-31,1
reflect,2025-02-07,1
reflect,2025-02-14,1
reflect,2025-02-21,1
reflect,2025-02-28,1
reflect,2025-03-07,1
reflect,2025-03-14,1
reflect,2025-03-16,2
reflect,2025-03-21,1
reflect,2025-03-28,1
reflect,2025-04-04,1
reflect,2025-04-11,2
reflect,2025-04-17,1
reflect,2025-04-25,1
reflect,2025-05-02,1
reflect,2025-05-08,1
reflect,2025-05-15,1
reflect,2025-05-23,1
reflect,2025-05-30,1
reflect,2025-06-06,1
reflect,2025-06-13,1
reflect,2025-06-20,1
reflect,2025-06-27,1
reflect,2025-07-05,1
reflect,2025-07-10,1
reflect,2025-07-17,1
riemann-staircase,2021-12-28,2
riemann-staircase,2023-01-25,1
running-data,2015-10-25,1
saidak-primes,2022-01-16,2
saidak-primes,2025-06-03,1
set,2011-04-23,1
set-game,2016-12-30,6
set-game,2016-12-31,8
set-game,2017-01-01,10
set-game,2017-01-02,1
set-game,2017-01-08,1
set-game,2017-01-09,1
set-game,2017-01-11,1
set-game,2017-01-12,5
set-game,2017-01-14,1
set-game,2017-01-15,6
set-game,2017-01-16,1
set-game,2017-01-17,4
set-game,2017-01-22,12
set-game,2017-01-23,4
set-game,2017-01-26,4
set-game,2017-01-28,1
set-game,2017-02-04,7
set-game,2017-02-05,3
set-game,2017-02-06,3
set-game,2017-02-07,2
set-game,2017-02-20,3
set-game,2017-03-04,18
set-game,2017-03-05,5
set-game,2017-03-06,3
set-game,2017-03-11,2
set-game,2017-03-13,5
set-game,2017-03-14,1
set-game,2017-03-15,1
set-game,2017-03-18,1
set-game,2017-03-19,4
set-game,2017-03-21,2
set-game,2017-03-22,4
set-game,2017-04-25,1
set-game,2017-05-15,4
set-game,2017-05-22,2
set-game,2017-05-29,2
set-game,2017-06-04,1
set-game,2017-09-04,1
set-game,2017-09-05,1
set-game,2017-09-06,4
set-game,2017-09-07,1
set-game,2017-09-08,1
set-game,2017-09-10,6
set-game,2017-09-11,5
set-game,2017-09-12,4
set-game,2017-09-13,4
set-game,2017-09-14,3
set-game,2017-09-23,1
set-game,2017-09-26,3
set-game,2017-10-02,1
set-game,2017-10-12,2
set-game,2017-12-28,1
set-game,2023-01-25,1
shrdlu-src,2021-01-02,10
shrdlu-src,2021-01-03,4
shrdlu-src,2021-01-06,1
shrdlu-src,2021-01-07,1
shrdlu-src,2021-01-08,8
six-insect-game,2022-01-07,1
spirals,2013-01-12,4
spirals,2013-01-13,8
spirals,2013-01-19,1
spirals,2013-01-20,7
spirals,2013-06-16,1
stats-wales-dataframe,2020-02-04,1
superellipse,2011-11-25,1
superellipse,2019-11-23,1
superfarmer,2017-12-31,1
superfarmer,2018-01-01,1
superfarmer,2018-01-03,5
t1d-genetic-risk-score,2018-05-27,1
t1d-genetic-risk-score,2018-05-28,1
t1d-genetic-risk-score,2018-06-01,3
t1d-genetic-risk-score,2018-07-28,2
t1d-genetic-risk-score,2020-03-04,5
tennis-ball-parabola,2019-11-14,1
tidepool-cli-tools,2020-02-19,10
tidepool-cli-tools,2020-02-20,12
tidepool-cli-tools,2020-02-21,5
tidepool-cli-tools,2020-02-24,2
tidepool-cli-tools,2020-03-06,1
tomwhite-hba1c,2021-02-20,1
tomwhite-website-new,2020-01-02,4
tomwhite.github.com,2012-02-20,2
tomwhite.github.com,2015-03-22,1
tomwhite.github.com,2019-11-05,2
tomwhite.github.com,2019-11-16,2
tomwhite.github.com,2019-11-17,1
tomwhite.github.com,2019-11-19,1
tomwhite.github.com,2019-11-23,2
tomwhite.github.com,2019-11-26,3
tomwhite.github.com,2020-01-02,8
tomwhite.github.com,2020-01-05,5
tomwhite.github.com,2020-01-06,1
tomwhite.github.com,2020-03-08,2
tomwhite.github.com,2020-05-01,2
tomwhite.github.com,2020-05-05,1
tomwhite.github.com,2020-10-07,1
tomwhite.github.com,2020-12-29,1
tomwhite.github.com,2021-07-31,1
tomwhite.github.com,2022-12-29,1
tomwhite.github.com,2023-01-14,1
tomwhite.github.com,2023-01-25,1
tomwhite.github.com,2023-02-02,1
tomwhite.github.com,2023-02-25,1
tomwhite.github.com,2023-03-05,1
tomwhite.github.com,2023-07-16,2
tomwhite.github.com,2023-07-23,1
tomwhite.github.com,2023-09-01,2
tomwhite.github.com,2023-10-18,1
tomwhite.github.com,2024-06-03,1
tomwhite.github.com,2024-06-15,1
tomwhite.github.com,2024-07-07,1
tomwhite.github.com,2025-01-01,1
tomwhite.github.com,2025-03-16,1
tomwhite.github.com,2025-05-30,1
tomwhite.github.com,2025-06-01,6
tomwhite.github.com,2025-06-03,1
tomwhite.github.com,2025-06-05,3
topple,2023-12-28,3
topple,2023-12-29,4
topple,2024-01-01,1
topple,2024-01-20,2
topple,2024-01-21,14
topple,2024-02-04,1
tournesol,2011-11-25,1
tournesol-js,2012-04-05,3
vstack-and-rechunk,2020-10-17,4
vstack-and-rechunk,2020-10-18,3
wattson-emulator,2018-01-15,2
wattson-emulator,2018-01-16,1
webcam,2017-05-28,2
zx81-frogging,2016-03-25,2
zx81-frogging,2016-03-26,2
zx81-frogging,2016-03-27,2
zx81-frogging,2017-10-21,3
zx81-frogging,2017-10-22,2
zx81-frogging,2017-10-23,4
zx81-frogging,2017-10-24,5
zx81-frogging,2017-10-27,1
zx81-frogging,2018-01-16,3
zx81-frogging,2018-01-17,4
zx81-frogging,2018-01-18,5
zx81-frogging,2018-01-19,4
zx81-frogging,2018-01-21,8
zx81-frogging,2018-01-22,7
zx81-frogging,2020-01-01,1
zx81-frogging,2022-12-31,2
zx81-frogging,2023-01-14,1
zx81-frogging,2023-01-25,1
zx81-not-only-30-programs,2023-01-05,2
zx81-not-only-30-programs,2023-01-06,6
zx81-not-only-30-programs,2023-01-07,4
zx81-not-only-30-programs,2023-01-08,3
zx81-not-only-30-programs,2023-01-09,2
zx81-not-only-30-programs,2023-01-10,1
zx81-not-only-30-programs,2023-01-12,2
zx81-not-only-30-programs,2023-01-13,8
zx81-not-only-30-programs,2023-01-14,3
zx81-not-only-30-programs,2023-01-25,1
zx81-refurb,2023-01-25,1
zxtext2p,2023-01-12,2
